nome,curso,categoria
Águias do Declive 3.0,,
Inimigos da HP,,
As meninas super poderosas,,
Milan B,,
Slow & Cautious,,
PCM 3.0,,
Roll or Crash,,
Peroba Neles!!,,
Lentos & Calmos,,
Roliwhels,,
papa léguas,,
FAE (Fica assim então),,
tropa six seven,,
Dead Cat,,
RelampagoTec,,
Blue Ocean,,
Gravity Gang,,
No Brakes Club,,
Red Rocket,,
Chapa Máxima,,
Mad Plank,,
RCT,,
Thunder on Wheels,,
Old Boys,,
ROLLERCOASTER,,
Squirtle,,
Mutley,,
Pão de vento,,
Thunder Racers,,
Barão Vermelho,,
Na pista pela vitória,,
Rolimã Racing,,
Caveirinha,,
Avenida lanches,,
(MIB) Melhores inventores brasileiros,,
